{"stat.useItem.minecraft.bow":153,"stat.useItem.minecraft.quartz_block":323,"stat.useItem.minecraft.painting":16,"stat.pickup.minecraft.wooden_slab":5,"stat.leaveGame":222,"stat.useItem.minecraft.bookshelf":46,"stat.drop.minecraft.redstone":6,"stat.useItem.minecraft.glowstone":561,"stat.pickup.botania.manatablet":1,"stat.useItem.minecraft.planks":4043,"stat.pickup.minecraft.glass":1,"stat.pickup.minecraft.leaves2":1,"stat.useItem.minecraft.water_bucket":1304,"stat.pickup.minecraft.sand":23,"stat.useItem.minecraft.rail":10,"stat.drop.minecraft.splash_potion":1,"stat.useItem.extrautils2.itemcreativebuilderswand":8964,"stat.useItem.minecraft.anvil":8,"stat.killEntity.MushroomCow":1,"stat.drop.minecraft.sand":2,"stat.hopperInspected":4,"stat.useItem.minecraft.spawn_egg":10,"stat.pickup.minecraft.stained_hardened_clay":6,"stat.pickup.minecraft.packed_ice":3,"stat.trappedChestTriggered":27,"stat.pickup.minecraft.wooden_button":6,"stat.drop.minecraft.stone_slab":3,"stat.pickup.minecraft.fence_gate":1,"stat.pickup.minecraft.filled_map":17,"stat.pickup.extrautils2.itemcreativebuilderswand":4,"stat.pickup.minecraft.beef":1,"stat.useItem.minecraft.redstone":1659,"stat.pickup.minecraft.cauldron":1,"stat.useItem.minecraft.trapdoor":3,"stat.useItem.minecraft.fence":118,"stat.pickup.minecraft.skull":22,"stat.pickup.minecraft.acacia_door":6,"stat.drop.extrautils2.itemcreativedestructionwand":1,"stat.pickup.minecraft.stone_stairs":1,"stat.pickup.minecraft.potion":9,"stat.useItem.minecraft.cauldron":5,"stat.useItem.minecraft.wooden_button":7,"stat.useItem.minecraft.lingering_potion":8,"stat.pickup.minecraft.lever":37,"stat.deaths":2,"stat.pickup.minecraft.egg":2,"stat.playOneMinute":11122560,"stat.pickup.minecraft.birch_door":2,"stat.pickup.minecraft.clock":1,"stat.pickup.minecraft.glass_pane":2,"stat.pickup.minecraft.item_frame":24,"stat.pickup.minecraft.iron_bars":2,"stat.drop.minecraft.torch":2,"stat.pickup.minecraft.dispenser":1,"stat.chestOpened":280,"stat.useItem.minecraft.splash_potion":42,"stat.pickup.minecraft.spruce_door":5,"stat.useItem.minecraft.stone":15936,"stat.pickup.minecraft.wooden_pressure_plate":5,"stat.drop.minecraft.banner":1,"stat.useItem.minecraft.packed_ice":96,"stat.fallOneCm":15771,"stat.drop.minecraft.stone":1,"stat.drop.minecraft.dye":1,"stat.crouchOneCm":1140011,"stat.pickup.minecraft.rail":10,"stat.craftItem.minecraft.banner":48,"stat.pickup.minecraft.painting":1,"stat.craftingTableInteraction":42,"stat.pickup.minecraft.heavy_weighted_pressure_plate":3,"stat.pickup.minecraft.comparator":1,"stat.pickup.minecraft.repeater":99,"stat.drop.minecraft.concrete":7,"stat.pickup.minecraft.dye":68,"stat.pickup.minecraft.planks":4,"stat.pickup.minecraft.wheat_seeds":3,"stat.drop.minecraft.spruce_fence":1,"stat.useItem.minecraft.wool":335,"stat.useItem.minecraft.iron_bars":184,"stat.flowerPotted":24,"stat.useItem.minecraft.torch":817,"stat.useItem.minecraft.log":17,"stat.useItem.minecraft.cobblestone":121,"stat.minecartOneCm":64351,"stat.pickup.minecraft.redstone_block":1,"stat.pickup.minecraft.log":5,"stat.pickup.minecraft.tallgrass":1,"stat.pickup.minecraft.hopper":1,"stat.pickup.minecraft.sapling":4,"stat.pickup.minecraft.wooden_door":6,"stat.useItem.minecraft.glass_pane":134,"stat.pickup.minecraft.banner":13,"stat.pickup.minecraft.diamond_helmet":1,"stat.useItem.minecraft.daylight_detector":3,"stat.useItem.minecraft.wooden_pressure_plate":24,"stat.useItem.minecraft.stonebrick":2516,"stat.pickup.minecraft.book":1,"stat.useItem.minecraft.wooden_door":19,"stat.useItem.minecraft.spruce_door":35,"stat.pickup.minecraft.iron_door":22,"stat.pickup.minecraft.red_flower":7,"stat.sneakTime":548079,"stat.pickup.minecraft.wool":9,"stat.pickup.minecraft.stone_slab":15,"stat.pickup.minecraft.yellow_flower":6,"stat.pickup.minecraft.chest":4,"stat.pickup.minecraft.bone":2,"stat.pickup.minecraft.stone_pressure_plate":2,"stat.pickup.minecraft.redstone_torch":4,"stat.pickup.minecraft.bookshelf":1,"stat.pickup.minecraft.spruce_fence_gate":1,"stat.useItem.minecraft.repeater":128,"stat.useItem.minecraft.skull":1,"stat.useItem.minecraft.diamond_sword":49,"stat.pickup.minecraft.flower_pot":4,"stat.swimOneCm":156957,"stat.climbOneCm":59048,"stat.pickup.minecraft.glowstone":1,"stat.useItem.minecraft.coal_block":4797,"stat.useItem.minecraft.dirt":54437,"stat.useItem.minecraft.stone_slab2":107419,"stat.pickup.minecraft.daylight_detector":1,"stat.useItem.minecraft.spruce_fence_gate":81,"stat.pickup.minecraft.diamond_leggings":1,"stat.flyOneCm":65106633,"stat.pickup.minecraft.sandstone":2,"stat.killEntity.ZombieHorse":1,"stat.pickup.minecraft.redstone":743,"stat.timeSinceDeath":6033037,"stat.drop.minecraft.log":4,"stat.useItem.minecraft.sign":18,"stat.cauldronFilled":5,"stat.useItem.minecraft.wooden_slab":314,"stat.pickup.minecraft.mutton":5,"stat.useItem.minecraft.iron_door":42,"stat.useItem.minecraft.noteblock":1,"stat.useItem.minecraft.lever":52,"stat.pickup.minecraft.spruce_fence":1,"stat.drop.botania.supertravelbelt":1,"stat.pickup.minecraft.redstone_lamp":66,"stat.pickup.minecraft.carpet":132,"stat.useItem.minecraft.milk_bucket":9,"stat.pickup.botania.supertravelbelt":2,"stat.useItem.minecraft.spruce_fence":96,"stat.sprintOneCm":4029536,"stat.pickup.minecraft.paper":8,"stat.useItem.minecraft.stone_slab":12498,"stat.useItem.minecraft.snowball":20,"stat.pickup.minecraft.grass":1,"stat.drop.minecraft.leaves":8,"stat.pickup.minecraft.diamond_chestplate":1,"stat.drop.extrautils2.itemcreativebuilderswand":1,"stat.drop":45,"stat.pickup.minecraft.stone_button":36,"stat.killEntity.Sheep":4,"stat.useItem.minecraft.banner":17,"stat.useItem.minecraft.ladder":80,"stat.pickup.minecraft.iron_block":1,"stat.pickup.minecraft.snowball":19,"stat.diveOneCm":27574,"stat.drop.minecraft.stone_stairs":1,"stat.pickup.minecraft.sign":23,"stat.useItem.minecraft.quartz_stairs":17,"stat.useItem.minecraft.waterlily":90,"stat.pickup.minecraft.stained_glass_pane":1,"stat.useItem.minecraft.heavy_weighted_pressure_plate":3,"stat.useItem.minecraft.carpet":1151,"stat.useItem.minecraft.potion":2,"stat.pickup.minecraft.stone_brick_stairs":3,"stat.useItem.minecraft.flower_pot":1,"stat.jump":16850,"stat.killEntity.SkeletonHorse":1,"stat.useItem.minecraft.iron_trapdoor":144,"stat.useItem.minecraft.sand":447,"stat.useItem.minecraft.stone_button":242,"stat.useItem.minecraft.glass":86,"stat.boatOneCm":107218,"stat.useItem.minecraft.sapling":9,"stat.pickup.minecraft.command_block":1,"stat.useItem.minecraft.redstone_lamp":348,"stat.pickup.minecraft.leaves":10,"stat.brewingstandInteraction":10,"stat.damageTaken":2525,"stat.useItem.minecraft.stone_brick_stairs":66,"stat.dispenserInspected":18,"stat.drop.minecraft.water_bucket":1,"stat.useItem.minecraft.acacia_door":13,"stat.noteblockTuned":19,"stat.pickup.minecraft.concrete":10,"stat.pickup.minecraft.quartz_block":1,"stat.pickup.minecraft.acacia_fence":1,"stat.useItem.minecraft.birch_fence":29,"stat.pickup.minecraft.oak_stairs":1,"stat.damageDealt":1627,"stat.useItem.minecraft.command_block":26,"stat.walkOneCm":31299332,"stat.playerKills":2,"stat.useItem.minecraft.chest":9,"stat.useItem.minecraft.lava_bucket":25,"stat.useItem.minecraft.spruce_boat":1,"stat.drop.minecraft.iron_block":1,"stat.pickup.botania.cosmetic":1,"stat.useItem.minecraft.redstone_block":322,"stat.useItem.minecraft.item_frame":154,"stat.pickup.minecraft.stone":11,"stat.shulkerBoxOpened":19,"stat.useItem.extrautils2.compoundbow":7,"stat.useItem.minecraft.stained_hardened_clay":88,"stat.useItem.minecraft.leaves":948,"stat.drop.minecraft.wooden_slab":1,"stat.useItem.minecraft.redstone_ore":4,"stat.pickup.minecraft.ladder":20,"stat.useItem.minecraft.concrete":12025,"stat.pickup.botania.manaringgreater":2,"stat.useItem.minecraft.iron_block":3,"stat.pickup.minecraft.bread":1,"stat.mobKills":8,"stat.drop.minecraft.diamond_boots":1,"stat.pickup.minecraft.diamond_boots":2,"stat.pickup.minecraft.birch_fence":1,"stat.useItem.minecraft.boat":18,"stat.pickup.minecraft.water_bucket":2,"stat.useItem.minecraft.cobblestone_wall":8,"stat.pickup.extrautils2.itemcreativedestructionwand":2,"stat.useItem.minecraft.writable_book":2,"stat.pickup.minecraft.torch":202,"stat.useItem.minecraft.map":5,"stat.useItem.minecraft.sandstone":567}