{"stat.useItem.minecraft.bow":148,"stat.useItem.minecraft.splash_potion":114,"stat.pickup.minecraft.spruce_door":7,"stat.useItem.minecraft.stone":1112,"stat.leaveGame":9,"stat.pickup.minecraft.arrow":39,"stat.pickup.minecraft.stained_glass_pane":4,"stat.useItem.minecraft.diamond_sword":26,"stat.useItem.minecraft.stained_glass_pane":3,"stat.pickup.minecraft.diamond_sword":2,"stat.pickup.botania.manatablet":4,"stat.jump":1311,"stat.fallOneCm":2492,"stat.useItem.minecraft.planks":84,"stat.useItem.minecraft.dark_oak_boat":1,"stat.crouchOneCm":61847,"stat.pickup.minecraft.glass":2,"stat.useItem.minecraft.dirt":46,"stat.useItem.minecraft.stone_button":2,"stat.useItem.minecraft.stone_slab2":2554,"stat.pickup.minecraft.bow":1,"stat.drop.minecraft.glass":1,"stat.useItem.minecraft.glass":1,"stat.dropperInspected":3,"stat.drop.minecraft.barrier":1,"stat.boatOneCm":15446,"stat.pickup.minecraft.splash_potion":2,"stat.useItem.minecraft.redstone_lamp":54,"stat.damageTaken":1441,"stat.dispenserInspected":30,"stat.useItem.extrautils2.itemcreativebuilderswand":510,"stat.pickup.minecraft.diamond_leggings":1,"stat.flyOneCm":2016975,"stat.pickup.minecraft.concrete":3,"stat.drop.minecraft.spruce_fence":1,"stat.damageDealt":522,"stat.timeSinceDeath":36083,"stat.hopperInspected":1,"stat.pickup.minecraft.stained_hardened_clay":3,"stat.cauldronFilled":2,"stat.useItem.minecraft.spawn_egg":6,"stat.useItem.minecraft.wooden_slab":320,"stat.killEntity.Bat":1,"stat.walkOneCm":1718742,"stat.useItem.botania.flugeleye":1,"stat.pickup.minecraft.spruce_fence":1,"stat.pickup.minecraft.carpet":128,"stat.pickup.minecraft.trapdoor":3,"stat.pickup.extrautils2.itemcreativebuilderswand":3,"stat.pickup.botania.supertravelbelt":3,"stat.pickup.botania.lokiring":1,"stat.pickup.minecraft.stone":6,"stat.pickup.minecraft.hopper":1,"stat.useItem.extrautils2.compoundbow":5,"stat.pickup.minecraft.birch_stairs":1,"stat.useItem.minecraft.stained_hardened_clay":696,"stat.pickup.minecraft.cauldron":1,"stat.useItem.minecraft.trapdoor":12,"stat.sprintOneCm":127710,"stat.pickup.minecraft.wooden_door":1,"stat.useItem.minecraft.concrete":225,"stat.useItem.minecraft.glass_pane":24,"stat.pickup.minecraft.banner":4,"stat.pickup.minecraft.barrier":1,"stat.useItem.minecraft.stone_slab":445,"stat.pickup.botania.manaringgreater":1,"stat.pickup.minecraft.potion":1,"stat.useItem.minecraft.barrier":50,"stat.pickup.minecraft.grass":1,"stat.pickup.minecraft.diamond_helmet":1,"stat.useItem.minecraft.lingering_potion":10,"stat.pickup.minecraft.diamond_chestplate":1,"stat.mobKills":2,"stat.pickup.minecraft.diamond_boots":1,"stat.pickup.minecraft.spawn_egg":1,"stat.pickup.minecraft.lever":1,"stat.deaths":2,"stat.useItem.minecraft.spruce_door":11,"stat.drop":3,"stat.pickup.minecraft.iron_door":1,"stat.pickup.extrautils2.itemcreativedestructionwand":3,"stat.playOneMinute":397181,"stat.useItem.minecraft.banner":2,"stat.sneakTime":26135,"stat.pickup.minecraft.glass_pane":2,"stat.pickup.minecraft.stone_slab":3,"stat.pickup.minecraft.chest":1}